histogram,xs,widths,n,N1,i
0.15528392067257477,1.1278458,0.004261017,82,127,0
0.0,1.1321068,0.004261017,82,127,0
0.1035226137817165,1.1363678,0.004261017,82,127,0
0.0,1.1406288,0.004261017,82,127,0
0.0,1.1448898,0.004261017,82,127,0
0.1035226137817165,1.1491508,0.004261017,82,127,0
0.207045227563433,1.1534119,0.004261017,82,127,0
0.0,1.1576729,0.004261017,82,127,0
0.0,1.1619339,0.004261017,82,127,0
0.1035226137817165,1.1661949,0.004261017,82,127,0
0.05176130689085825,1.1704559,0.004261017,82,127,0
0.207045227563433,1.174717,0.004261017,82,127,0
0.414090455126866,1.178978,0.004261017,82,127,0
0.207045227563433,1.183239,0.004261017,82,127,0
0.5176130689085825,1.1875,0.004261017,82,127,0
0.25880653445429125,1.191761,0.004261017,82,127,0
0.5176130689085825,1.196022,0.004261017,82,127,0
0.5693743757994407,1.200283,0.004261017,82,127,0
0.6211356826902991,1.2045441,0.004261017,82,127,0
0.6728969895811572,1.2088051,0.004261017,82,127,0
1.0869874447080232,1.2130661,0.004261017,82,127,0
1.2422713653805981,1.2173271,0.004261017,82,127,0
1.3457939791623144,1.2215881,0.004261017,82,127,0
1.863407048070897,1.2258492,0.004261017,82,127,0
1.5528392067257473,1.2301102,0.004261017,82,127,0
1.7081231273983222,1.2343712,0.004261017,82,127,0
2.3292588100886213,1.2386322,0.004261017,82,127,0
2.5880653445429123,1.2428932,0.004261017,82,127,0
3.1056784134514945,1.2471542,0.004261017,82,127,0
3.157439720342353,1.2514153,0.004261017,82,127,0
3.053917106560637,1.2556763,0.004261017,82,127,0
4.0891432443778015,1.2599373,0.004261017,82,127,0
3.5715301754692192,1.2641983,0.004261017,82,127,0
4.554995006395526,1.2684593,0.004261017,82,127,0
5.02084676841325,1.2727203,0.004261017,82,127,0
6.004311599339557,1.2769814,0.004261017,82,127,0
6.418402054466423,1.2812424,0.004261017,82,127,0
5.90078898555784,1.2855034,0.004261017,82,127,0
5.538459837321833,1.2897644,0.004261017,82,127,0
6.936015123375006,1.2940254,0.004261017,82,127,0
5.538459837321833,1.2982864,0.004261017,82,127,0
6.211356826902989,1.3025475,0.004261017,82,127,0
5.590221144212691,1.3068085,0.004261017,82,127,0
6.366640747575564,1.3110695,0.004261017,82,127,0
6.987776430265864,1.3153305,0.004261017,82,127,0
5.849027678666983,1.3195915,0.004261017,82,127,0
6.418402054466423,1.3238525,0.004261017,82,127,0
4.917324154631534,1.3281136,0.004261017,82,127,0
5.383175916649257,1.3323746,0.004261017,82,127,0
5.641982451103549,1.3366356,0.004261017,82,127,0
7.09129904404758,1.3408966,0.004261017,82,127,0
6.004311599339557,1.3451576,0.004261017,82,127,0
4.658517620177243,1.3494186,0.004261017,82,127,0
5.227891995976683,1.3536797,0.004261017,82,127,0
4.606756313286384,1.3579407,0.004261017,82,127,0
5.745505064885266,1.3622017,0.004261017,82,127,0
6.677208588920714,1.3664627,0.004261017,82,127,0
5.331414609758399,1.3707237,0.004261017,82,127,0
4.244427165050376,1.3749847,0.004261017,82,127,0
4.710278927068101,1.3792458,0.004261017,82,127,0
4.399711085722951,1.3835068,0.004261017,82,127,0
3.7785754030326526,1.3877678,0.004261017,82,127,0
4.0891432443778015,1.3920288,0.004261017,82,127,0
3.157439720342353,1.3962898,0.004261017,82,127,0
3.312723641014928,1.4005508,0.004261017,82,127,0
2.95039449277892,1.4048119,0.004261017,82,127,0
2.8468718789972036,1.4090729,0.004261017,82,127,0
1.9151683549617553,1.4133339,0.004261017,82,127,0
2.3292588100886213,1.4175949,0.004261017,82,127,0
2.4845427307611962,1.4218559,0.004261017,82,127,0
1.6046005136166057,1.426117,0.004261017,82,127,0
1.3975552860531728,1.430378,0.004261017,82,127,0
1.2422713653805981,1.434639,0.004261017,82,127,0
1.656361820507464,1.4389,0.004261017,82,127,0
1.3975552860531728,1.443161,0.004261017,82,127,0
1.1387487515988814,1.447422,0.004261017,82,127,0
0.6211356826902991,1.451683,0.004261017,82,127,0
0.6728969895811572,1.4559441,0.004261017,82,127,0
0.46585176201772427,1.4602051,0.004261017,82,127,0
0.46585176201772427,1.4644661,0.004261017,82,127,0
0.46585176201772427,1.4687271,0.004261017,82,127,0
0.46585176201772427,1.4729881,0.004261017,82,127,0
0.5176130689085825,1.4772491,0.004261017,82,127,0
0.414090455126866,1.4815102,0.004261017,82,127,0
0.36232914823600776,1.4857712,0.004261017,82,127,0
0.207045227563433,1.4900322,0.004261017,82,127,0
0.207045227563433,1.4942932,0.004261017,82,127,0
0.25880653445429125,1.4985542,0.004261017,82,127,0
0.05176130689085825,1.5028152,0.004261017,82,127,0
0.1035226137817165,1.5070763,0.004261017,82,127,0
0.207045227563433,1.5113373,0.004261017,82,127,0
0.05176130689085825,1.5155983,0.004261017,82,127,0
0.15528392067257477,1.5198593,0.004261017,82,127,0
0.05176130689085825,1.5241203,0.004261017,82,127,0
0.0,1.5283813,0.004261017,82,127,0
0.05176130689085825,1.5326424,0.004261017,82,127,0
0.0,1.5369034,0.004261017,82,127,0
0.0,1.5411644,0.004261017,82,127,0
0.1035226137817165,1.5454254,0.004261017,82,127,0
0.1035226137817165,1.5496864,0.004261017,82,127,0
0.042996787973446055,1.0527999,0.0044094324,97,121,1
0.021498975212904135,1.0572094,0.004409313,97,121,1
0.06449518196016908,1.0616188,0.0044094324,97,121,1
0.021498393986723027,1.0660281,0.0044094324,97,121,1
0.021498393986723027,1.0704377,0.0044094324,97,121,1
0.04299795042580827,1.074847,0.004409313,97,121,1
0.021498393986723027,1.0792563,0.0044094324,97,121,1
0.06449518196016908,1.0836658,0.0044094324,97,121,1
0.042996787973446055,1.0880752,0.0044094324,97,121,1
0.0,1.0924846,0.004409313,97,121,1
0.021498393986723027,1.096894,0.0044094324,97,121,1
0.2149839398672303,1.1013033,0.0044094324,97,121,1
0.08599357594689211,1.1057129,0.0044094324,97,121,1
0.15049282649032894,1.1101222,0.004409313,97,121,1
0.2149839398672303,1.1145315,0.0044094324,97,121,1
0.2149839398672303,1.1189411,0.0044094324,97,121,1
0.2579807278406763,1.1233504,0.0044094324,97,121,1
0.1934907769161372,1.1277598,0.004409313,97,121,1
0.27947912182739937,1.1321692,0.0044094324,97,121,1
0.4514662737211836,1.1365786,0.0044094324,97,121,1
0.5804566376415218,1.1409881,0.0044094324,97,121,1
0.9244559341548777,1.1453974,0.004409313,97,121,1
0.816938971495475,1.1498067,0.0044094324,97,121,1
1.0749196993361514,1.1542163,0.0044094324,97,121,1
1.0964477358581108,1.1586256,0.004409313,97,121,1
1.4403923971104429,1.1630349,0.0044094324,97,121,1
1.483389185083889,1.1674445,0.0044094324,97,121,1
1.6983731249511191,1.1718538,0.0044094324,97,121,1
1.6554210913936185,1.1762632,0.004409313,97,121,1
2.321826550566087,1.1806726,0.0044094324,97,121,1
2.149839398672303,1.185082,0.0044094324,97,121,1
2.794791218273994,1.1894915,0.0044094324,97,121,1
2.7518688272517293,1.1939008,0.004409313,97,121,1
3.568733401796023,1.1983101,0.0044094324,97,121,1
4.19218682741099,1.2027197,0.0044094324,97,121,1
3.4182446438889613,1.207129,0.0044094324,97,121,1
4.364291968219539,1.2115384,0.004409313,97,121,1
4.235183615384437,1.2159479,0.0044094324,97,121,1
4.858637040999405,1.2203572,0.0044094324,97,121,1
4.944630616946297,1.2247667,0.0044094324,97,121,1
4.772772497264718,1.229176,0.004409313,97,121,1
5.116617768840081,1.2335854,0.0044094324,97,121,1
6.342026226083293,1.2379949,0.0044094324,97,121,1
6.5355117719638,1.2424042,0.0044094324,97,121,1
6.148706910890582,1.2468137,0.004409313,97,121,1
6.277531044123124,1.2512231,0.0044094324,97,121,1
7.717923441233567,1.2556324,0.0044094324,97,121,1
6.578508559937246,1.260042,0.0044094324,97,121,1
7.266653621961597,1.2644513,0.004409313,97,121,1
7.094470015618599,1.2688606,0.0044094324,97,121,1
7.653428259273399,1.2732701,0.0044094324,97,121,1
5.912218183548637,1.2776794,0.004409313,97,121,1
6.664502135884139,1.2820888,0.0044094324,97,121,1
5.933556740335556,1.2864983,0.0044094324,97,121,1
6.449518196016909,1.2909076,0.0044094324,97,121,1
5.353244828013129,1.295317,0.004409313,97,121,1
5.718572800468326,1.2997265,0.0044094324,97,121,1
6.10554389222934,1.3041358,0.0044094324,97,121,1
5.095119374853358,1.3085454,0.0044094324,97,121,1
5.9337171587615405,1.3129547,0.004409313,97,121,1
4.7726434650525125,1.317364,0.0044094324,97,121,1
4.235183615384437,1.3217735,0.0044094324,97,121,1
4.342675585318052,1.3261828,0.0044094324,97,121,1
3.676324761406607,1.3305923,0.004409313,97,121,1
3.6332285837561917,1.3350017,0.0044094324,97,121,1
3.76221894767653,1.339411,0.0044094324,97,121,1
3.074270340101393,1.3438206,0.0044094324,97,121,1
2.429384199058167,1.3482299,0.004409313,97,121,1
2.6658008543536558,1.3526392,0.0044094324,97,121,1
1.9778522467785185,1.3570487,0.0044094324,97,121,1
1.6123795490042272,1.3614581,0.0044094324,97,121,1
1.7199180170323307,1.3658675,0.004409313,97,121,1
1.2899036392033816,1.3702769,0.0044094324,97,121,1
1.547884367044058,1.3746862,0.0044094324,97,121,1
1.2899036392033816,1.3790958,0.0044094324,97,121,1
0.967453884580686,1.3835051,0.004409313,97,121,1
0.8384373654821982,1.3879144,0.0044094324,97,121,1
0.8599357594689212,1.392324,0.0044094324,97,121,1
0.6879672068129323,1.3967333,0.004409313,97,121,1
0.6019550316282448,1.4011426,0.0044094324,97,121,1
0.7954405775087521,1.4055521,0.0044094324,97,121,1
0.2579807278406763,1.4099615,0.0044094324,97,121,1
0.3009856529806579,1.4143709,0.004409313,97,121,1
0.4299678797344606,1.4187803,0.0044094324,97,121,1
0.4084694857477375,1.4231896,0.0044094324,97,121,1
0.17198715189378422,1.4275992,0.0044094324,97,121,1
0.10749487606452067,1.4320085,0.004409313,97,121,1
0.19348554588050726,1.4364178,0.0044094324,97,121,1
0.2364823338539533,1.4408274,0.0044094324,97,121,1
0.10749196993361515,1.4452367,0.0044094324,97,121,1
0.0644969256387124,1.4496461,0.004409313,97,121,1
0.042996787973446055,1.4540555,0.0044094324,97,121,1
0.0,1.4584649,0.0044094324,97,121,1
0.0,1.4628744,0.0044094324,97,121,1
0.021498975212904135,1.4672837,0.004409313,97,121,1
0.06449518196016908,1.471693,0.0044094324,97,121,1
0.021498393986723027,1.4761026,0.0044094324,97,121,1
0.042996787973446055,1.4805119,0.0044094324,97,121,1
0.021498975212904135,1.4849213,0.004409313,97,121,1
0.042996787973446055,1.4893308,0.0044094324,97,121,1
0.013843931622265219,1.0325949,0.0051327944,100,116,2
0.0,1.0377278,0.0051327944,100,116,2
0.0,1.0428605,0.0051327944,100,116,2
0.0,1.0479934,0.0051327944,100,116,2
0.027687863244530438,1.0531261,0.0051327944,100,116,2
0.0,1.058259,0.0051327944,100,116,2
0.027687863244530438,1.0633917,0.0051327944,100,116,2
0.0,1.0685246,0.0051327944,100,116,2
0.013843610104042767,1.0736574,0.0051329136,100,116,2
0.04153179486679566,1.0787902,0.0051327944,100,116,2
0.08306358973359132,1.0839231,0.0051327944,100,116,2
0.055375726489060875,1.0890558,0.0051327944,100,116,2
0.013843931622265219,1.0941887,0.0051327944,100,116,2
0.11075145297812175,1.0993214,0.0051327944,100,116,2
0.09690752135585652,1.1044543,0.0051327944,100,116,2
0.16612717946718264,1.109587,0.0051327944,100,116,2
0.26303470082303915,1.1147199,0.0051327944,100,116,2
0.2907225640675696,1.1198525,0.0051327944,100,116,2
0.27687863244530436,1.1249855,0.0051327944,100,116,2
0.4291618802902218,1.1301181,0.0051327944,100,116,2
0.5814451281351392,1.135251,0.0051327944,100,116,2
0.40147401704569136,1.1403837,0.0051327944,100,116,2
0.886011623824974,1.1455166,0.0051327944,100,116,2
1.0382948716698914,1.1506493,0.0051327944,100,116,2
1.1490463246480132,1.1557822,0.0051327944,100,116,2
0.9967399274910793,1.160915,0.0051329136,100,116,2
1.2874856408706654,1.1660478,0.0051327944,100,116,2
1.7997111108944783,1.1711807,0.0051327944,100,116,2
1.841242905761274,1.1763134,0.0051327944,100,116,2
2.0212140168507218,1.1814463,0.0051327944,100,116,2
2.104277606584313,1.186579,0.0051327944,100,116,2
2.5195955552522697,1.1917119,0.0051327944,100,116,2
2.8380059825643698,1.1968446,0.0051327944,100,116,2
3.15641640987647,1.2019775,0.0051327944,100,116,2
3.6271100850334874,1.2071102,0.0051327944,100,116,2
4.097803760190504,1.2122431,0.0051327944,100,116,2
4.056271965323709,1.2173758,0.0051327944,100,116,2
4.0424280337014435,1.2225087,0.0051327944,100,116,2
5.0391911105045395,1.2276413,0.0051327944,100,116,2
5.5791044437728825,1.2327743,0.0051327944,100,116,2
5.177630426727191,1.2379069,0.0051327944,100,116,2
5.080604908183696,1.2430398,0.0051329136,100,116,2
5.703699828373271,1.2481728,0.0051327944,100,116,2
6.548179657331448,1.2533054,0.0051327944,100,116,2
6.257457093263879,1.2584383,0.0051327944,100,116,2
6.1328617086634925,1.263571,0.0051327944,100,116,2
6.4928039308423875,1.2687039,0.0051327944,100,116,2
5.634480170261944,1.2738366,0.0051327944,100,116,2
6.215925298397083,1.2789695,0.0051327944,100,116,2
5.939046665951779,1.2841022,0.0051327944,100,116,2
5.412977264305701,1.2892351,0.0051327944,100,116,2
5.814451281351392,1.2943678,0.0051327944,100,116,2
5.689855896751005,1.2995007,0.0051327944,100,116,2
5.5791044437728825,1.3046334,0.0051327944,100,116,2
5.288381879705313,1.3097663,0.0051327944,100,116,2
5.246850084838518,1.314899,0.0051327944,100,116,2
5.4960408540392915,1.3200319,0.0051327944,100,116,2
3.9039887174787915,1.3251646,0.0051327944,100,116,2
4.139239421108788,1.3302975,0.0051329136,100,116,2
3.7655494012561395,1.3354304,0.0051327944,100,116,2
3.737861538011609,1.340563,0.0051327944,100,116,2
3.79323726450067,1.345696,0.0051327944,100,116,2
3.0733528201428784,1.3508286,0.0051327944,100,116,2
3.1425724782542046,1.3559616,0.0051327944,100,116,2
2.6165030766081263,1.3610942,0.0051327944,100,116,2
2.1458094014511087,1.3662271,0.0051327944,100,116,2
2.3811562390296177,1.3713598,0.0051327944,100,116,2
1.841242905761274,1.3764927,0.0051327944,100,116,2
1.8273989741390086,1.3816254,0.0051327944,100,116,2
1.3151735041151957,1.3867583,0.0051327944,100,116,2
1.5643642733159697,1.391891,0.0051327944,100,116,2
1.1490463246480132,1.3970239,0.0051327944,100,116,2
0.816791965713648,1.4021566,0.0051327944,100,116,2
0.7060405127355261,1.4072895,0.0051327944,100,116,2
0.7060241153061813,1.4124223,0.0051329136,100,116,2
0.512225470023813,1.4175551,0.0051327944,100,116,2
0.512225470023813,1.422688,0.0051327944,100,116,2
0.45684974353475216,1.4278207,0.0051327944,100,116,2
0.2215029059562435,1.4329536,0.0051327944,100,116,2
0.27687863244530436,1.4380863,0.0051327944,100,116,2
0.2907225640675696,1.4432192,0.0051327944,100,116,2
0.2215029059562435,1.4483519,0.0051327944,100,116,2
0.17997111108944783,1.4534848,0.0051327944,100,116,2
0.16612717946718264,1.4586174,0.0051327944,100,116,2
0.09690752135585652,1.4637504,0.0051327944,100,116,2
0.12459538460038697,1.468883,0.0051327944,100,116,2
0.055375726489060875,1.474016,0.0051327944,100,116,2
0.08306358973359132,1.4791486,0.0051327944,100,116,2
0.09690752135585652,1.4842815,0.0051327944,100,116,2
0.06921965811132609,1.4894142,0.0051327944,100,116,2
0.06921965811132609,1.4945471,0.0051327944,100,116,2
0.027687220208085533,1.4996799,0.0051329136,100,116,2
0.027687863244530438,1.5048127,0.0051327944,100,116,2
0.0,1.5099456,0.0051327944,100,116,2
0.0,1.5150783,0.0051327944,100,116,2
0.0,1.5202112,0.0051327944,100,116,2
0.0,1.5253439,0.0051327944,100,116,2
0.013843931622265219,1.5304768,0.0051327944,100,116,2
0.0,1.5356095,0.0051327944,100,116,2
0.013843931622265219,1.5407424,0.0051327944,100,116,2
0.015664063459253398,0.78869057,0.003626883,163,149,3
0.015663806038325553,0.79231745,0.0036269426,163,149,3
0.031328126918506796,0.79594433,0.003626883,163,149,3
0.015664063459253398,0.7995713,0.003626883,163,149,3
0.04699141811497667,0.80319816,0.0036269426,163,149,3
0.015664063459253398,0.80682504,0.003626883,163,149,3
0.015664063459253398,0.810452,0.003626883,163,149,3
0.18796567245990667,0.81407887,0.0036269426,163,149,3
0.10964844421477378,0.81770575,0.003626883,163,149,3
0.07832031729626698,0.8213327,0.003626883,163,149,3
0.25062089661320885,0.8249596,0.0036269426,163,149,3
0.34460939610357477,0.82858646,0.003626883,163,149,3
0.34460939610357477,0.8322134,0.003626883,163,149,3
0.31327612076651107,0.8358403,0.0036269426,163,149,3
0.6108984749108826,0.83946717,0.003626883,163,149,3
0.6578906652886427,0.8430941,0.003626883,163,149,3
0.6735436596479989,0.846721,0.0036269426,163,149,3
1.065156315229231,0.8503479,0.003626883,163,149,3
1.5820704093845932,0.8539748,0.003626883,163,149,3
1.723018664215811,0.8576017,0.0036269426,163,149,3
1.8796876151104078,0.8612286,0.003626883,163,149,3
2.1929688842954755,0.8648555,0.003626883,163,149,3
2.53753657820874,0.8684824,0.0036269426,163,149,3
2.897851739961878,0.8721093,0.003626883,163,149,3
3.2267970726062,0.87573624,0.003626883,163,149,3
3.5870115827765523,0.8793631,0.0036269426,163,149,3
4.276289324376178,0.88299,0.003626883,163,149,3
3.9630080551911093,0.88661695,0.003626883,163,149,3
4.526839945076086,0.8902438,0.0036269426,163,149,3
5.310117512686902,0.8938707,0.003626883,163,149,3
6.140312876027332,0.89749765,0.003626883,163,149,3
5.685961591912176,0.90112454,0.0036269426,163,149,3
6.155976939486585,0.9047514,0.003626883,163,149,3
6.657226970182694,0.90837836,0.003626883,163,149,3
6.484815699866779,0.91200525,0.0036269426,163,149,3
7.487422333523124,0.9156321,0.003626883,163,149,3
7.879023920004459,0.9192591,0.003626883,163,149,3
8.489782872772452,0.92288595,0.0036269426,163,149,3
8.286289569945048,0.92651284,0.003626883,163,149,3
8.254961443026541,0.9301398,0.003626883,163,149,3
7.92588585539273,0.93376666,0.0036269426,163,149,3
8.583906775670862,0.93739355,0.003626883,163,149,3
9.022500552529957,0.9410205,0.003626883,163,149,3
8.63075712711738,0.9446474,0.0036269426,163,149,3
9.116484933285477,0.94827425,0.003626883,163,149,3
8.16097706227102,0.9519012,0.003626883,163,149,3
8.34880861842752,0.9555281,0.0036269426,163,149,3
7.769375475789685,0.95915496,0.003626883,163,149,3
8.646563029507876,0.9627819,0.003626883,163,149,3
7.549954510472917,0.9664088,0.0036269426,163,149,3
6.484922272130906,0.9700357,0.003626883,163,149,3
6.359609764456879,0.9736626,0.003626883,163,149,3
6.939180112449256,0.97728944,0.003626883,163,149,3
6.030565324755339,0.9809164,0.0036269426,163,149,3
5.388437829983169,0.9845433,0.003626883,163,149,3
5.200469068472128,0.98817015,0.003626883,163,149,3
4.761797035650969,0.9917971,0.0036269426,163,149,3
4.370273705131698,0.99542403,0.003626883,163,149,3
3.8376324793897605,0.9990509,0.0036269426,163,149,3
2.99188528973069,1.0026778,0.0036268234,163,149,3
3.4147097163549707,1.0063047,0.0036269426,163,149,3
3.289399268048366,1.0099316,0.0036269426,163,149,3
2.4123054168509226,1.0135585,0.0036268234,163,149,3
2.333907099710508,1.0171854,0.0036269426,163,149,3
1.9579757547906944,1.0208123,0.0036269426,163,149,3
1.6917466559733743,1.0244392,0.0036268234,163,149,3
1.441070155525951,1.0280662,0.0036269426,163,149,3
1.472397767602602,1.031693,0.0036269426,163,149,3
1.2531456710913882,1.0353199,0.0036268234,163,149,3
1.0024835864528354,1.0389469,0.0036269426,163,149,3
0.8928369441845566,1.0425737,0.0036269426,163,149,3
0.8615376488753295,1.0462006,0.0036268234,163,149,3
0.56389701737972,1.0498276,0.0036269426,163,149,3
0.28194850868986,1.0534544,0.0036269426,163,149,3
0.42293666399334356,1.0570813,0.0036268234,163,149,3
0.42292276303479,1.0607083,0.0036269426,163,149,3
0.36026753888148777,1.0643351,0.0036269426,163,149,3
0.1723075297750659,1.067962,0.0036268234,163,149,3
0.2662847026515344,1.071589,0.0036269426,163,149,3
0.18796567245990667,1.0752158,0.0036269426,163,149,3
0.07832160444321176,1.0788428,0.0036268234,163,149,3
0.04699141811497667,1.0824697,0.0036269426,163,149,3
0.14097425434493,1.0860965,0.0036269426,163,149,3
0.15664320888642352,1.0897235,0.0036268234,163,149,3
0.12531044830660443,1.0933504,0.0036269426,163,149,3
0.03132761207665111,1.0969772,0.0036269426,163,149,3
0.06265728355456943,1.1006042,0.0036268234,163,149,3
0.015663806038325553,1.1042311,0.0036269426,163,149,3
0.015663806038325553,1.107858,0.0036269426,163,149,3
0.015664320888642357,1.1114849,0.0036268234,163,149,3
0.03132761207665111,1.1151118,0.0036269426,163,149,3
0.04699141811497667,1.1187387,0.0036269426,163,149,3
0.04699296266592706,1.1223656,0.0036268234,163,149,3
0.015663806038325553,1.1259925,0.0036269426,163,149,3
0.0,1.1296194,0.0036269426,163,149,3
0.0,1.1332463,0.0036268234,163,149,3
0.03132761207665111,1.1368732,0.0036269426,163,149,3
0.0,1.1405001,0.0036269426,163,149,3
0.0,1.144127,0.0036268234,163,149,3
0.015663806038325553,1.147754,0.0036269426,163,149,3
0.06950829507246557,0.54248965,0.0024860501,276,182,4
0.04633886338164372,0.54497576,0.0024860501,276,182,4
0.0,0.54746175,0.0024860501,276,182,4
0.13901659014493115,0.54994786,0.0024860501,276,182,4
0.04633886338164372,0.55243385,0.0024860501,276,182,4
0.09267772676328744,0.55491996,0.0024860501,276,182,4
0.20852488521739673,0.55740595,0.0024860501,276,182,4
0.1158471584541093,0.55989206,0.0024860501,276,182,4
0.18535545352657487,0.56237805,0.0024860501,276,182,4
0.1158471584541093,0.56486416,0.0024860501,276,182,4
0.3707197952977804,0.56735015,0.0024859905,276,182,4
0.48655806550725905,0.56983614,0.0024860501,276,182,4
0.5097274971980809,0.57232225,0.0024860501,276,182,4
1.0426244260869837,0.57480824,0.0024860501,276,182,4
1.0426244260869837,0.57729435,0.0024860501,276,182,4
1.1121327211594492,0.57978034,0.0024860501,276,182,4
1.3669964697584898,0.58226645,0.0024860501,276,182,4
1.4365047648309552,0.58475244,0.0024860501,276,182,4
2.594976349372048,0.58723855,0.0024860501,276,182,4
3.4754147536232787,0.58972454,0.0024860501,276,182,4
3.591261912077388,0.59221065,0.0024860501,276,182,4
3.938803387439716,0.59469664,0.0024860501,276,182,4
5.328969288889027,0.59718275,0.0024860501,276,182,4
4.471700316328619,0.59966874,0.0024860501,276,182,4
4.842411223381768,0.60215485,0.0024860501,276,182,4
6.186238261449437,0.60464084,0.0024860501,276,182,4
6.556949168502586,0.60712695,0.0024860501,276,182,4
7.553234731207926,0.60961294,0.0024860501,276,182,4
7.182523824154776,0.61209905,0.0024860501,276,182,4
8.57289526626117,0.61458504,0.0024859905,276,182,4
8.248317681932582,0.61707103,0.0024860501,276,182,4
10.21771937565244,0.61955714,0.0024860501,276,182,4
9.870177900290113,0.62204313,0.0024860501,276,182,4
10.796955167922986,0.62452924,0.0024860501,276,182,4
11.121327211594492,0.62701523,0.0024860501,276,182,4
10.796955167922986,0.62950134,0.0024860501,276,182,4
10.125041648889152,0.63198733,0.0024860501,276,182,4
12.163951637681475,0.63447344,0.0024860501,276,182,4
12.001765615845722,0.63695943,0.0024860501,276,182,4
12.673679134879556,0.63944554,0.0024860501,276,182,4
11.306682665121066,0.64193153,0.0024860501,276,182,4
12.256629364444764,0.64441764,0.0024860501,276,182,4
11.793240730628327,0.64690363,0.0024860501,276,182,4
12.326137659517228,0.64938974,0.0024860501,276,182,4
12.256629364444764,0.65187573,0.0024860501,276,182,4
11.144496643285313,0.65436184,0.0024860501,276,182,4
12.048104479227366,0.65684783,0.0024860501,276,182,4
12.441984817971338,0.65933394,0.0024860501,276,182,4
10.194549943961617,0.66181993,0.0024860501,276,182,4
9.568975288309428,0.66430604,0.0024860501,276,182,4
9.731394626566734,0.66679204,0.0024859905,276,182,4
9.823839036908469,0.669278,0.0024860501,276,182,4
9.128756086183813,0.67176414,0.0024860501,276,182,4
7.784929048116145,0.6742501,0.0024860501,276,182,4
8.155639955169294,0.67673624,0.0024860501,276,182,4
7.321540414299707,0.6792222,0.0024860501,276,182,4
6.85815178048327,0.68170834,0.0024860501,276,182,4
5.815527354396287,0.6841943,0.0024860501,276,182,4
5.074105540289987,0.68668044,0.0024860501,276,182,4
4.263175431111222,0.6891664,0.0024860501,276,182,4
4.726564064927659,0.69165254,0.0024860501,276,182,4
3.2437204367150603,0.6941385,0.0024860501,276,182,4
3.3363981634783477,0.69662464,0.0024860501,276,182,4
3.3595675951691697,0.6991106,0.0024860501,276,182,4
2.8730095296619105,0.70159674,0.0024860501,276,182,4
2.154757147246433,0.7040827,0.0024860501,276,182,4
1.807215671884105,0.70656884,0.0024860501,276,182,4
1.5060130599034207,0.7090548,0.0024860501,276,182,4
1.5060130599034207,0.71154094,0.0024860501,276,182,4
1.2511793091300087,0.7140269,0.0024859905,276,182,4
0.9499466993236961,0.7165129,0.0024860501,276,182,4
1.0426244260869837,0.718999,0.0024860501,276,182,4
0.7877606774879432,0.721485,0.0024860501,276,182,4
0.4633886338164372,0.7239711,0.0024860501,276,182,4
0.3938803387439716,0.7264571,0.0024860501,276,182,4
0.3938803387439716,0.7289432,0.0024860501,276,182,4
0.5328969288889027,0.7314292,0.0024860501,276,182,4
0.4402192021256153,0.7339153,0.0024860501,276,182,4
0.2316943169082186,0.7364013,0.0024860501,276,182,4
0.2780331802898623,0.7388874,0.0024860501,276,182,4
0.162186021835753,0.7413734,0.0024860501,276,182,4
0.1158471584541093,0.7438595,0.0024860501,276,182,4
0.25486374859904043,0.7463455,0.0024860501,276,182,4
0.04633886338164372,0.7488316,0.0024860501,276,182,4
0.0,0.7513176,0.0024860501,276,182,4
0.06950829507246557,0.75380373,0.0024860501,276,182,4
0.04633886338164372,0.7562897,0.0024860501,276,182,4
0.09267772676328744,0.75877583,0.0024860501,276,182,4
0.02316943169082186,0.7612618,0.0024860501,276,182,4
0.02316943169082186,0.76374793,0.0024860501,276,182,4
0.0,0.7662339,0.0024859905,276,182,4
0.04633886338164372,0.7687199,0.0024860501,276,182,4
0.0,0.771206,0.0024860501,276,182,4
0.02316943169082186,0.773692,0.0024860501,276,182,4
0.0,0.7761781,0.0024860501,276,182,4
0.0,0.7786641,0.0024860501,276,182,4
0.04633886338164372,0.7811502,0.0024860501,276,182,4
0.0,0.7836362,0.0024860501,276,182,4
0.0,0.7861223,0.0024860501,276,182,4
0.02316943169082186,0.7886083,0.0024860501,276,182,4
4.664671384537471,0.002197884,4.8158458e-05,14093,58,5
0.0,0.0022460422,4.8158458e-05,14093,58,5
0.0,0.002294201,4.8158458e-05,14093,58,5
0.0,0.0023423592,4.8158458e-05,14093,58,5
0.0,0.0023905179,4.8158458e-05,14093,58,5
6.997007076806208,0.002438676,4.8158458e-05,14093,58,5
11.661622081153865,0.0024868348,4.815869e-05,14093,58,5
16.32634984588115,0.0025349935,4.8158458e-05,14093,58,5
20.991021230418625,0.0025831517,4.8158458e-05,14093,58,5
23.32335692268736,0.0026313104,4.8158458e-05,14093,58,5
53.64372092218093,0.0026794686,4.8158458e-05,14093,58,5
32.6526996917623,0.0027276273,4.8158458e-05,14093,58,5
16.32634984588115,0.0027757855,4.8158458e-05,14093,58,5
41.98204246083725,0.0028239442,4.8158458e-05,14093,58,5
20.991021230418625,0.0028721024,4.8158458e-05,14093,58,5
83.9640849216745,0.0029202611,4.8158458e-05,14093,58,5
121.28145599797426,0.0029684193,4.8158458e-05,14093,58,5
109.6197775366306,0.003016578,4.8158458e-05,14093,58,5
123.61319406023097,0.0030647365,4.815869e-05,14093,58,5
137.60780584385543,0.003112895,4.8158458e-05,14093,58,5
177.25751261242394,0.0031610536,4.8158458e-05,14093,58,5
184.25451968923014,0.0032092119,4.8158458e-05,14093,58,5
272.8832759954421,0.0032573706,4.8158458e-05,14093,58,5
282.21261876451706,0.0033055288,4.8158458e-05,14093,58,5
314.86531845627934,0.0033536875,4.8158458e-05,14093,58,5
247.227583380486,0.0034018457,4.8158458e-05,14093,58,5
342.8533467635042,0.0034500044,4.8158458e-05,14093,58,5
286.87729014905455,0.0034981626,4.8158458e-05,14093,58,5
438.4791101465224,0.0035463213,4.8158458e-05,14093,58,5
352.1826895325791,0.0035944795,4.8158458e-05,14093,58,5
410.4910818392975,0.0036426382,4.8158458e-05,14093,58,5
447.8062879163084,0.0036907967,4.815869e-05,14093,58,5
611.0719513744089,0.0037389551,4.8158458e-05,14093,58,5
555.0958947599592,0.0037871138,4.8158458e-05,14093,58,5
585.4162587594528,0.003835272,4.8158458e-05,14093,58,5
613.4072526933373,0.0038834305,4.8158225e-05,14093,58,5
524.772993651924,0.003931589,4.815869e-05,14093,58,5
550.4285622304625,0.0039797476,4.815869e-05,14093,58,5
471.13408761997783,0.004027906,4.8158225e-05,14093,58,5
702.0296492854627,0.0040760646,4.815869e-05,14093,58,5
646.0601102511577,0.0041242233,4.8158225e-05,14093,58,5
739.346839945155,0.0041723815,4.815869e-05,14093,58,5
632.0660284406632,0.0042205397,4.8158225e-05,14093,58,5
660.0478097933087,0.0042686984,4.815869e-05,14093,58,5
508.4516391146295,0.004316857,4.8158225e-05,14093,58,5
646.0538632959242,0.0043650153,4.815869e-05,14093,58,5
510.78398608304525,0.0044131735,4.8158225e-05,14093,58,5
578.4164552252317,0.004461332,4.815869e-05,14093,58,5
597.0808239144274,0.004509491,4.8158225e-05,14093,58,5
394.16282634300063,0.004557649,4.815869e-05,14093,58,5
489.7881274084623,0.004605808,4.815869e-05,14093,58,5
466.46939368314634,0.004653966,4.8158225e-05,14093,58,5
429.1476925864622,0.0047021247,4.815869e-05,14093,58,5
489.79286336730365,0.0047502834,4.8158225e-05,14093,58,5
366.1749333482313,0.0047984417,4.815869e-05,14093,58,5
254.22581955731474,0.0048466,4.8158225e-05,14093,58,5
305.53449852623123,0.0048947586,4.815869e-05,14093,58,5
261.2228604625619,0.0049429173,4.8158225e-05,14093,58,5
300.8698496937697,0.0049910755,4.815869e-05,14093,58,5
205.24653322058438,0.0050392337,4.8158225e-05,14093,58,5
198.2475753796157,0.0050873924,4.815869e-05,14093,58,5
195.91714534692144,0.005135551,4.8158225e-05,14093,58,5
230.90011720684652,0.0051837093,4.815869e-05,14093,58,5
142.27178939007717,0.005231868,4.815869e-05,14093,58,5
158.59959385226975,0.0052800262,4.8158225e-05,14093,58,5
142.27178939007717,0.005328185,4.815869e-05,14093,58,5
114.28500145237085,0.0053763436,4.8158225e-05,14093,58,5
137.60714055761562,0.005424502,4.815869e-05,14093,58,5
74.63510298930342,0.00547266,4.8158225e-05,14093,58,5
53.643461573307775,0.0055208188,4.815869e-05,14093,58,5
86.29683783138208,0.0055689774,4.8158225e-05,14093,58,5
58.30811040576933,0.0056171357,4.815869e-05,14093,58,5
72.30275602088767,0.005665294,4.8158225e-05,14093,58,5
25.655568578538503,0.0057134526,4.815869e-05,14093,58,5
48.97881274084623,0.0057616113,4.815869e-05,14093,58,5
53.64398027356182,0.00580977,4.8158225e-05,14093,58,5
67.63740807069242,0.005857928,4.815869e-05,14093,58,5
39.64989846306744,0.0059060864,4.8158225e-05,14093,58,5
25.655568578538503,0.005954245,4.815869e-05,14093,58,5
55.97632724197756,0.006002404,4.8158225e-05,14093,58,5
4.664648832461546,0.006050562,4.815869e-05,14093,58,5
23.323469684157317,0.0060987202,4.8158225e-05,14093,58,5
32.65254182723082,0.006146879,4.815869e-05,14093,58,5
23.323469684157317,0.0061950376,4.8158225e-05,14093,58,5
6.996973248692319,0.006243196,4.815869e-05,14093,58,5
0.0,0.006291354,4.8158225e-05,14093,58,5
4.664648832461546,0.0063395128,4.815869e-05,14093,58,5
0.0,0.0063876715,4.815869e-05,14093,58,5
0.0,0.00643583,4.8158225e-05,14093,58,5
2.332324416230773,0.0064839884,4.815869e-05,14093,58,5
0.0,0.0065321466,4.8158225e-05,14093,58,5
0.0,0.0065803053,4.815869e-05,14093,58,5
0.0,0.006628464,4.8158225e-05,14093,58,5
0.0,0.006676622,4.815869e-05,14093,58,5
0.0,0.0067247804,4.8158225e-05,14093,58,5
0.0,0.006772939,4.815869e-05,14093,58,5
0.0,0.006821098,4.8158225e-05,14093,58,5
0.0,0.006869256,4.815869e-05,14093,58,5
0.0,0.0069174143,4.8158225e-05,14093,58,5
6.996973248692319,0.006965573,4.815869e-05,14093,58,5
15.094991270754006,0.000112619746,1.1196069e-05,41013,18,6
135.85492143678604,0.00012381581,1.1196069e-05,41013,18,6
0.0,0.00013501188,1.11960835e-05,41013,18,6
45.284973812262024,0.00014620797,1.1196069e-05,41013,18,6
37.73747817688502,0.00015740404,1.1196069e-05,41013,18,6
67.92746071839302,0.0001686001,1.1196069e-05,41013,18,6
60.379965083016025,0.00017979617,1.1196069e-05,41013,18,6
166.04468816431185,0.00019099226,1.11960835e-05,41013,18,6
249.0673559674411,0.00020218833,1.1196069e-05,41013,18,6
203.78238215517908,0.0002133844,1.1196069e-05,41013,18,6
158.49740834291705,0.00022458046,1.1196069e-05,41013,18,6
339.6373035919651,0.00023577653,1.1196069e-05,41013,18,6
467.94472939337425,0.0002469726,1.1196069e-05,41013,18,6
664.1796159131762,0.00025816867,1.1196069e-05,41013,18,6
784.9375056587555,0.00026936474,1.1196098e-05,41013,18,6
988.7219282343874,0.00028056084,1.1196069e-05,41013,18,6
709.4645897254384,0.0002917569,1.1196069e-05,41013,18,6
1094.3868671296655,0.00030295298,1.1196069e-05,41013,18,6
1237.7892842018287,0.00031414905,1.1196069e-05,41013,18,6
1479.3091445338925,0.0003253451,1.1196069e-05,41013,18,6
1517.0466227107775,0.00033654118,1.1196069e-05,41013,18,6
1464.2141532631388,0.00034773725,1.1196069e-05,41013,18,6
1501.9516314400234,0.00035893332,1.1196069e-05,41013,18,6
1773.6614743135958,0.0003701294,1.1196069e-05,41013,18,6
2045.3713171871677,0.00038132546,1.1196069e-05,41013,18,6
1917.0589080511916,0.00039252156,1.1196098e-05,41013,18,6
2218.963716800839,0.00040371763,1.1196069e-05,41013,18,6
2211.416221165462,0.0004149137,1.1196069e-05,41013,18,6
2271.796186248478,0.00042610976,1.1196069e-05,41013,18,6
2264.2486906131007,0.00043730583,1.1196069e-05,41013,18,6
2641.623472381951,0.0004485019,1.1196069e-05,41013,18,6
2468.03107276828,0.00045969797,1.1196069e-05,41013,18,6
2943.523297797031,0.00047089404,1.1196069e-05,41013,18,6
2218.963716800839,0.0004820901,1.1196069e-05,41013,18,6
2528.404465343107,0.0004932862,1.1196098e-05,41013,18,6
2868.0483414432615,0.0005044823,1.1196069e-05,41013,18,6
2520.863542215919,0.0005156783,1.1196069e-05,41013,18,6
2543.5060291220498,0.00052687444,1.1196069e-05,41013,18,6
2717.098428735721,0.00053807045,1.1196069e-05,41013,18,6
2422.746098956018,0.0005492666,1.1196069e-05,41013,18,6
2181.226238623954,0.0005604626,1.1196069e-05,41013,18,6
2052.918812822545,0.0005716587,1.1196069e-05,41013,18,6
2113.2987779055607,0.00058285473,1.1196069e-05,41013,18,6
2203.8687255300847,0.00059405086,1.1196069e-05,41013,18,6
1569.8790921584166,0.00060524687,1.1196069e-05,41013,18,6
2090.6562909994295,0.000616443,1.1196069e-05,41013,18,6
2218.963716800839,0.000627639,1.1196069e-05,41013,18,6
1871.778917573497,0.00063883513,1.1196069e-05,41013,18,6
1751.0189874074647,0.00065003114,1.1196069e-05,41013,18,6
1652.892950860687,0.00066122727,1.1196127e-05,41013,18,6
1260.4317711079595,0.0006724234,1.1196069e-05,41013,18,6
1501.9516314400234,0.0006836194,1.1196069e-05,41013,18,6
1283.0742580140904,0.00069481554,1.1196069e-05,41013,18,6
1434.0241707216308,0.00070601155,1.1196069e-05,41013,18,6
626.4421377362913,0.0007172077,1.1196069e-05,41013,18,6
830.2245198914703,0.0007284037,1.1196069e-05,41013,18,6
1003.8169195051414,0.0007395998,1.1196069e-05,41013,18,6
1094.3868671296655,0.0007507958,1.1196069e-05,41013,18,6
754.7495635377003,0.00076199195,1.1196069e-05,41013,18,6
603.7996508301603,0.00077318796,1.1196069e-05,41013,18,6
535.8721901117672,0.0007843841,1.1196069e-05,41013,18,6
611.3471464655373,0.0007955801,1.1196069e-05,41013,18,6
558.5146770178982,0.0008067762,1.1196069e-05,41013,18,6
513.2297032056363,0.00081797224,1.1196069e-05,41013,18,6
316.9948166858341,0.00082916836,1.1196069e-05,41013,18,6
483.0397206641282,0.0008403644,1.1196069e-05,41013,18,6
264.1623472381951,0.0008515605,1.1196069e-05,41013,18,6
392.46977303960415,0.0008627565,1.1196069e-05,41013,18,6
203.78238215517908,0.00087395264,1.1196069e-05,41013,18,6
241.5198603320641,0.00088514865,1.1196069e-05,41013,18,6
135.85421513923455,0.0008963448,1.1196127e-05,41013,18,6
113.21243453065503,0.0009075409,1.1196069e-05,41013,18,6
203.78238215517908,0.0009187369,1.1196069e-05,41013,18,6
98.11744325990104,0.00092993304,1.1196069e-05,41013,18,6
22.642486906131012,0.00094112905,1.1196069e-05,41013,18,6
105.66493889527804,0.0009523252,1.1196069e-05,41013,18,6
83.02245198914703,0.0009635212,1.1196069e-05,41013,18,6
37.737674372689334,0.00097471726,1.1196011e-05,41013,18,6
22.642369189872422,0.0009859133,1.1196127e-05,41013,18,6
30.189825586496564,0.0009971095,1.1196127e-05,41013,18,6
0.0,0.0010083055,1.1196011e-05,41013,18,6
0.0,0.0010195016,1.1196127e-05,41013,18,6
30.190139498151467,0.0010306977,1.1196011e-05,41013,18,6
52.832194776368986,0.0010418937,1.1196127e-05,41013,18,6
7.547534874537867,0.0010530897,1.1196011e-05,41013,18,6
37.73728198312071,0.0010642859,1.1196127e-05,41013,18,6
0.0,0.001075482,1.1196011e-05,41013,18,6
0.0,0.001086678,1.1196127e-05,41013,18,6
45.28520924722719,0.001097874,1.1196011e-05,41013,18,6
7.547456396624141,0.0011090701,1.1196127e-05,41013,18,6
30.190139498151467,0.0011202663,1.1196011e-05,41013,18,6
0.0,0.0011314623,1.1196127e-05,41013,18,6
0.0,0.0011426583,1.1196011e-05,41013,18,6
37.73728198312071,0.0011538544,1.1196127e-05,41013,18,6
15.095069749075734,0.0011650505,1.1196011e-05,41013,18,6
0.0,0.0011762466,1.1196127e-05,41013,18,6
0.0,0.0011874426,1.1196011e-05,41013,18,6
0.0,0.0011986387,1.1196127e-05,41013,18,6
0.0,0.0012098348,1.1196011e-05,41013,18,6
15.094912793248282,0.0012210308,1.1196127e-05,41013,18,6
20.692637569421226,4.3349297e-05,9.349871e-06,48094,17,7
13.795097080537072,5.2699168e-05,9.3498675e-06,48094,17,7
75.87300442121116,6.204904e-05,9.349871e-06,48094,17,7
82.77058248322244,7.139891e-05,9.3498675e-06,48094,17,7
89.66813102349099,8.0748774e-05,9.3498675e-06,48094,17,7
62.077888554129316,9.009865e-05,9.349875e-06,48094,17,7
337.9798784731583,9.9448516e-05,9.3498675e-06,48094,17,7
248.3117474496673,0.000108798384,9.3498675e-06,48094,17,7
206.9264562080561,0.00011814825,9.3498675e-06,48094,17,7
606.9842715436312,0.00012749812,9.3498675e-06,48094,17,7
565.5981000183548,0.00013684799,9.349882e-06,48094,17,7
413.8529124161122,0.00014619787,9.3498675e-06,48094,17,7
606.9842715436312,0.00015554774,9.3498675e-06,48094,17,7
944.9641500167895,0.0001648976,9.3498675e-06,48094,17,7
1096.7102179026972,0.00017424747,9.3498675e-06,48094,17,7
1379.5097080537073,0.00018359734,9.3498675e-06,48094,17,7
1255.3538343288735,0.0001929472,9.3498675e-06,48094,17,7
2014.0810390897511,0.00020229709,9.349882e-06,48094,17,7
2027.8792708389499,0.00021164695,9.3498675e-06,48094,17,7
2193.4204358053944,0.00022099682,9.3498675e-06,48094,17,7
2145.137596023515,0.00023034669,9.3498675e-06,48094,17,7
2552.0889878876983,0.00023969656,9.349882e-06,48094,17,7
2945.253226694665,0.00024904642,9.3498675e-06,48094,17,7
2572.785605520164,0.00025839632,9.3498675e-06,48094,17,7
2952.1507752349335,0.00026774616,9.3498675e-06,48094,17,7
2917.663032533591,0.00027709606,9.3498675e-06,48094,17,7
2786.6096102684887,0.0002864459,9.3498675e-06,48094,17,7
3745.368857365815,0.0002957958,9.3498675e-06,48094,17,7
3262.540459547018,0.00030514563,9.3498675e-06,48094,17,7
3159.07723144299,0.00031449553,9.3498675e-06,48094,17,7
3400.4914303523883,0.00032384536,9.3498675e-06,48094,17,7
3552.237498238296,0.00033319526,9.3498675e-06,48094,17,7
3221.1551683054063,0.0003425451,9.3498675e-06,48094,17,7
3372.901236191314,0.000351895,9.3498675e-06,48094,17,7
3552.237498238296,0.00036124483,9.3498675e-06,48094,17,7
3621.201711733543,0.00037059473,9.349897e-06,48094,17,7
3745.368857365815,0.00037994463,9.3498675e-06,48094,17,7
3172.872328523527,0.00038929447,9.3498675e-06,48094,17,7
2765.916964647683,0.00039864436,9.3498675e-06,48094,17,7
2593.47825114097,0.0004079942,9.3498675e-06,48094,17,7
2455.527280335599,0.0004173441,9.3498675e-06,48094,17,7
2517.605217198016,0.00042669394,9.3498675e-06,48094,17,7
2496.91257157721,0.00043604383,9.3498675e-06,48094,17,7
1814.055266090625,0.00044539367,9.3498675e-06,48094,17,7
1820.9528146308935,0.00045474357,9.3498675e-06,48094,17,7
1696.79694090606,0.0004640934,9.3498675e-06,48094,17,7
1400.2023536745128,0.0004734433,9.3498675e-06,48094,17,7
1441.5876449161242,0.00048279314,9.3498675e-06,48094,17,7
1676.0990780023828,0.00049214304,9.349897e-06,48094,17,7
1241.5626019263748,0.0005014929,9.349838e-06,48094,17,7
1324.3251974339814,0.0005108428,9.349897e-06,48094,17,7
931.1719514447813,0.00052019267,9.349838e-06,48094,17,7
1124.2969124048905,0.0005295425,9.349897e-06,48094,17,7
875.9913913591645,0.00053889235,9.349838e-06,48094,17,7
972.5513168655801,0.00054824224,9.349897e-06,48094,17,7
965.6598014982916,0.00055759214,9.349838e-06,48094,17,7
786.3180859764266,0.000566942,9.349897e-06,48094,17,7
593.1873280173043,0.0005762919,9.349897e-06,48094,17,7
441.44448068493335,0.0005856417,9.349838e-06,48094,17,7
524.2120573176177,0.0005949916,9.349897e-06,48094,17,7
331.0833605137,0.0006043415,9.349838e-06,48094,17,7
434.5442054080252,0.00061369134,9.349897e-06,48094,17,7
462.1371907170395,0.0006230412,9.349838e-06,48094,17,7
234.51592037893425,0.0006323911,9.349897e-06,48094,17,7
324.18579050299786,0.000641741,9.349838e-06,48094,17,7
248.31097451887155,0.0006510908,9.349897e-06,48094,17,7
227.61981035316873,0.00066044065,9.349838e-06,48094,17,7
186.23323088915367,0.00066979055,9.349897e-06,48094,17,7
172.43925026755207,0.00067914044,9.349838e-06,48094,17,7
151.74559553931036,0.0006884903,9.349897e-06,48094,17,7
124.15626019263749,0.0006978401,9.349838e-06,48094,17,7
103.4629060495298,0.00070719,9.349897e-06,48094,17,7
0.0,0.0007165399,9.349897e-06,48094,17,7
144.84897022474374,0.0007258898,9.349838e-06,48094,17,7
41.38516241981192,0.00073523965,9.349897e-06,48094,17,7
55.18056008561667,0.0007445895,9.349838e-06,48094,17,7
27.590108279874617,0.0007539394,9.349897e-06,48094,17,7
13.795140021404167,0.0007632893,9.349838e-06,48094,17,7
34.48763534984327,0.0007726391,9.349897e-06,48094,17,7
13.795140021404167,0.00078198896,9.349838e-06,48094,17,7
27.590108279874617,0.00079133885,9.349897e-06,48094,17,7
0.0,0.00080068875,9.349838e-06,48094,17,7
34.48763534984327,0.0008100386,9.349897e-06,48094,17,7
41.3854200642125,0.0008193884,9.349838e-06,48094,17,7
41.38516241981192,0.0008287383,9.349897e-06,48094,17,7
0.0,0.0008380882,9.349897e-06,48094,17,7
20.69271003210625,0.0008474381,9.349838e-06,48094,17,7
48.28268948978058,0.00085678796,9.349897e-06,48094,17,7
0.0,0.0008661378,9.349838e-06,48094,17,7
13.795054139937308,0.0008754877,9.349897e-06,48094,17,7
0.0,0.0008848376,9.349838e-06,48094,17,7
0.0,0.0008941874,9.349897e-06,48094,17,7
0.0,0.00090353726,9.349838e-06,48094,17,7
0.0,0.00091288716,9.349897e-06,48094,17,7
0.0,0.00092223706,9.349838e-06,48094,17,7
0.0,0.0009315869,9.349897e-06,48094,17,7
0.0,0.00094093673,9.349838e-06,48094,17,7
0.0,0.00095028663,9.349897e-06,48094,17,7
0.0,0.0009596365,9.349838e-06,48094,17,7
13.795054139937308,0.00096898637,9.349897e-06,48094,17,7
3049.6446206394553,8.046362e-07,1.6092724e-06,120911,4,8
10687.250174984287,2.4139085e-06,1.6092724e-06,120911,4,8
6207.2403862290985,4.023181e-06,1.6092727e-06,120911,4,8
3238.561116661589,5.6324534e-06,1.6092722e-06,120911,4,8
18999.553182196894,7.241726e-06,1.6092727e-06,120911,4,8
12144.600755665628,8.850999e-06,1.6092727e-06,120911,4,8
8096.405079532155,1.0460271e-05,1.6092717e-06,120911,4,8
6881.940428210522,1.2069543e-05,1.6092727e-06,120911,4,8
20214.013257763454,1.3678816e-05,1.6092727e-06,120911,4,8
16381.71701930897,1.528809e-05,1.6092727e-06,120911,4,8
7421.700461795662,1.689736e-05,1.6092727e-06,120911,4,8
14006.772871534358,1.8506635e-05,1.6092727e-06,120911,4,8
16516.675696796487,2.0115905e-05,1.6092708e-06,120911,4,8
17164.36906800742,2.1725176e-05,1.6092727e-06,120911,4,8
16570.633031063768,2.333445e-05,1.6092727e-06,120911,4,8
14789.424920232808,2.4943722e-05,1.6092727e-06,120911,4,8
16138.825004195656,2.6552996e-05,1.6092727e-06,120911,4,8
13898.82086481733,2.8162267e-05,1.6092727e-06,120911,4,8
17461.256823247266,2.977154e-05,1.6092708e-06,120911,4,8
10552.296729141477,3.1380812e-05,1.6092745e-06,120911,4,8
16840.532083008184,3.2990087e-05,1.6092708e-06,120911,4,8
17191.337638013098,3.4599358e-05,1.6092745e-06,120911,4,8
15194.262119765395,3.620863e-05,1.6092708e-06,120911,4,8
12927.238192477666,3.7817903e-05,1.6092745e-06,120911,4,8
17272.34059795711,3.9427177e-05,1.6092708e-06,120911,4,8
13601.968220891225,4.1036445e-05,1.6092708e-06,120911,4,8
15383.14356933668,4.264572e-05,1.6092745e-06,120911,4,8
14465.585250789081,4.4254994e-05,1.6092708e-06,120911,4,8
12738.322394257744,4.5864264e-05,1.6092745e-06,120911,4,8
11901.72219327982,4.7473535e-05,1.6092708e-06,120911,4,8
14060.732981797211,4.908281e-05,1.6092745e-06,120911,4,8
11712.805967989665,5.0692084e-05,1.6092708e-06,120911,4,8
11119.04412380125,5.2301355e-05,1.6092745e-06,120911,4,8
11739.794000173973,5.3910626e-05,1.6092708e-06,120911,4,8
11604.853839252433,5.55199e-05,1.6092708e-06,120911,4,8
11496.875720241098,5.712917e-05,1.6092745e-06,120911,4,8
9499.787328876411,5.8738442e-05,1.6092708e-06,120911,4,8
9283.883071401946,6.0347716e-05,1.6092708e-06,120911,4,8
9121.93425690491,6.195699e-05,1.6092745e-06,120911,4,8
7232.776274705667,6.356626e-05,1.6092745e-06,120911,4,8
7421.692072925593,6.517554e-05,1.6092745e-06,120911,4,8
4830.868681836431,6.678481e-05,1.6092672e-06,120911,4,8
7313.740188228492,6.8394074e-05,1.6092745e-06,120911,4,8
5937.353658340473,7.0003356e-05,1.6092745e-06,120911,4,8
6585.094739486532,7.161262e-05,1.6092672e-06,120911,4,8
5289.6423501578765,7.322189e-05,1.6092745e-06,120911,4,8
5559.522061900625,7.483117e-05,1.6092745e-06,120911,4,8
3805.303935572758,7.644044e-05,1.6092745e-06,120911,4,8
4210.142538360242,7.8049714e-05,1.6092672e-06,120911,4,8
5748.437860120549,7.965899e-05,1.6092745e-06,120911,4,8
4075.1836473155067,8.1268256e-05,1.6092745e-06,120911,4,8
4641.952029474113,8.287753e-05,1.6092672e-06,120911,4,8
4183.135532012607,8.4486805e-05,1.6092745e-06,120911,4,8
3292.532483261535,8.609607e-05,1.6092745e-06,120911,4,8
3724.3400220499334,8.770535e-05,1.6092745e-06,120911,4,8
2563.8688534886087,8.931462e-05,1.6092672e-06,120911,4,8
2833.7369732988627,9.092389e-05,1.6092745e-06,120911,4,8
3184.580598564436,9.253317e-05,1.6092745e-06,120911,4,8
3184.594996964798,9.414244e-05,1.6092672e-06,120911,4,8
1727.2301551535922,9.5751704e-05,1.6092745e-06,120911,4,8
2914.700886821687,9.7360986e-05,1.6092745e-06,120911,4,8
2105.0617515934405,9.897025e-05,1.6092745e-06,120911,4,8
971.5713550062096,0.00010057953,1.6092672e-06,120911,4,8
1322.4105875394691,0.0001021888,1.6092745e-06,120911,4,8
1430.3624722365685,0.00010379807,1.6092745e-06,120911,4,8
917.5910199253459,0.00010540735,1.6092745e-06,120911,4,8
1430.3689393146976,0.00010701662,1.6092672e-06,120911,4,8
1592.290299282218,0.000108625885,1.6092745e-06,120911,4,8
1565.3023281079431,0.00011023517,1.6092745e-06,120911,4,8
1322.4165665362298,0.000111844434,1.6092672e-06,120911,4,8
728.6752217054218,0.0001134537,1.6092745e-06,120911,4,8
539.7594234854976,0.00011506298,1.6092745e-06,120911,4,8
863.6150775767961,0.00011667225,1.6092745e-06,120911,4,8
971.5713550062096,0.000118281525,1.6092672e-06,120911,4,8
1079.5188469709951,0.0001198908,1.6092745e-06,120911,4,8
485.7856775031048,0.00012150007,1.6092672e-06,120911,4,8
404.8177373255429,0.00012310935,1.6092818e-06,120911,4,8
404.821397919254,0.00012471862,1.6092672e-06,120911,4,8
782.654702643891,0.00012632788,1.6092672e-06,120911,4,8
593.7326814107962,0.00012793715,1.6092818e-06,120911,4,8
161.92855916770162,0.00012954643,1.6092672e-06,120911,4,8
161.92709493021715,0.00013115571,1.6092818e-06,120911,4,8
404.821397919254,0.00013276498,1.6092672e-06,120911,4,8
485.7856775031048,0.00013437425,1.6092672e-06,120911,4,8
296.8663407053981,0.00013598352,1.6092818e-06,120911,4,8
458.79758430848784,0.0001375928,1.6092672e-06,120911,4,8
107.95237277846773,0.00013920206,1.6092672e-06,120911,4,8
107.95139662014476,0.00014081135,1.6092818e-06,120911,4,8
134.94046597308466,0.00014242061,1.6092672e-06,120911,4,8
0.0,0.00014402988,1.6092672e-06,120911,4,8
53.97569831007238,0.00014563915,1.6092818e-06,120911,4,8
107.95237277846773,0.00014724843,1.6092672e-06,120911,4,8
350.84521153002015,0.0001488577,1.6092672e-06,120911,4,8
296.8663407053981,0.00015046698,1.6092818e-06,120911,4,8
107.95237277846773,0.00015207625,1.6092672e-06,120911,4,8
0.0,0.00015368551,1.6092818e-06,120911,4,8
431.80949111387093,0.0001552948,1.6092672e-06,120911,4,8
0.0,0.00015690406,1.6092672e-06,120911,4,8
80.96354746510858,0.00015851334,1.6092818e-06,120911,4,8
296.8690251407863,0.00016012261,1.6092672e-06,120911,4,8
14820.948857256595,8.0189113e-07,1.6037823e-06,131315,7,9
29685.488740563942,2.4056735e-06,1.6037823e-06,131315,7,9
17567.181007895044,4.0094556e-06,1.6037825e-06,131315,7,9
0.0,5.613238e-06,1.603782e-06,131315,7,9
39624.24829780068,7.21702e-06,1.603782e-06,131315,7,9
22972.460958095573,8.820803e-06,1.603783e-06,131315,7,9
11595.21457339382,1.0424585e-05,1.603782e-06,131315,7,9
16869.72947332108,1.2028368e-05,1.603782e-06,131315,7,9
22492.959875478777,1.363215e-05,1.603783e-06,131315,7,9
18395.42603332956,1.5235932e-05,1.6037811e-06,131315,7,9
11508.025982803094,1.6839713e-05,1.603783e-06,131315,7,9
18046.67710939576,1.8443498e-05,1.603783e-06,131315,7,9
25152.039860737335,2.0047279e-05,1.6037811e-06,131315,7,9
18177.450131927613,2.165106e-05,1.603783e-06,131315,7,9
23103.233980627425,2.3254845e-05,1.603783e-06,131315,7,9
16956.92115394597,2.4858626e-05,1.6037811e-06,131315,7,9
15997.899756396728,2.6462407e-05,1.603783e-06,131315,7,9
18090.26811690638,2.8066192e-05,1.603783e-06,131315,7,9
16303.0552996807,2.9669973e-05,1.6037811e-06,131315,7,9
12249.087003236034,3.1273754e-05,1.6037811e-06,131315,7,9
16433.791192514334,3.2877535e-05,1.6037848e-06,131315,7,9
13556.818711766571,3.448132e-05,1.6037811e-06,131315,7,9
12946.54391445232,3.60851e-05,1.6037811e-06,131315,7,9
11638.785804778056,3.7688886e-05,1.6037848e-06,131315,7,9
13600.409768717589,3.9292667e-05,1.6037811e-06,131315,7,9
13426.04554091352,4.0896448e-05,1.6037811e-06,131315,7,9
12772.150714606632,4.250023e-05,1.6037848e-06,131315,7,9
13077.317085305374,4.4104014e-05,1.6037811e-06,131315,7,9
10418.262611293281,4.5707795e-05,1.6037811e-06,131315,7,9
8979.73736248794,4.731158e-05,1.6037848e-06,131315,7,9
10723.400009950406,4.891536e-05,1.6037811e-06,131315,7,9
9633.62358617496,5.0519142e-05,1.6037811e-06,131315,7,9
6713.00754283079,5.2122923e-05,1.6037848e-06,131315,7,9
7018.160169113884,5.3726708e-05,1.6037811e-06,131315,7,9
6625.840656554723,5.533049e-05,1.6037811e-06,131315,7,9
7759.190536518705,5.6934274e-05,1.6037848e-06,131315,7,9
4315.514638150773,5.8538055e-05,1.6037811e-06,131315,7,9
5361.700004975203,6.0141836e-05,1.6037811e-06,131315,7,9
6320.703257897598,6.174562e-05,1.6037811e-06,131315,7,9
4620.652036807899,6.33494e-05,1.6037811e-06,131315,7,9
6059.129427422549,6.495319e-05,1.6037884e-06,131315,7,9
4402.69675205281,6.655697e-05,1.6037811e-06,131315,7,9
4359.105695101792,6.816075e-05,1.6037811e-06,131315,7,9
1830.8243919427523,6.976453e-05,1.6037811e-06,131315,7,9
4838.607321562989,7.136831e-05,1.6037811e-06,131315,7,9
3966.78618254263,7.297209e-05,1.6037811e-06,131315,7,9
3530.859594397313,7.457587e-05,1.6037884e-06,131315,7,9
1700.0512210896986,7.617966e-05,1.6037811e-06,131315,7,9
2789.8276448651463,7.778344e-05,1.6037811e-06,131315,7,9
1656.4601641386807,7.9387224e-05,1.6037811e-06,131315,7,9
1656.4601641386807,8.0991005e-05,1.6037811e-06,131315,7,9
3051.373986571254,8.259479e-05,1.6037811e-06,131315,7,9
2615.463417061075,8.419857e-05,1.6037811e-06,131315,7,9
217.95429595045144,8.5802356e-05,1.6037884e-06,131315,7,9
828.2300820693404,8.740614e-05,1.6037811e-06,131315,7,9
1176.9585376774837,8.900992e-05,1.6037811e-06,131315,7,9
1089.776423775448,9.06137e-05,1.6037811e-06,131315,7,9
1351.3227654815555,9.221748e-05,1.6037811e-06,131315,7,9
959.0032529223942,9.382126e-05,1.6037811e-06,131315,7,9
653.8628878513542,9.542504e-05,1.6037884e-06,131315,7,9
828.2300820693404,9.702883e-05,1.6037811e-06,131315,7,9
1133.3674807264656,9.863261e-05,1.6037811e-06,131315,7,9
871.8211390203583,0.00010023639,1.6037811e-06,131315,7,9
697.4569112162866,0.000101840174,1.6037811e-06,131315,7,9
784.6390251183225,0.000103443956,1.6037811e-06,131315,7,9
305.136014330632,0.000105047744,1.6037884e-06,131315,7,9
217.95528475508956,0.000106651525,1.6037811e-06,131315,7,9
610.2747973142508,0.000108255306,1.6037811e-06,131315,7,9
828.2300820693404,0.00010985909,1.6037811e-06,131315,7,9
43.59105695101791,0.00011146287,1.6037811e-06,131315,7,9
43.59105695101791,0.00011306665,1.6037811e-06,131315,7,9
43.590859190090285,0.00011467043,1.6037884e-06,131315,7,9
305.1373986571254,0.00011627422,1.6037811e-06,131315,7,9
217.95528475508956,0.000117878,1.6037811e-06,131315,7,9
348.7284556081433,0.00011948178,1.6037811e-06,131315,7,9
87.18211390203582,0.00012108556,1.6037811e-06,131315,7,9
305.1373986571254,0.00012268935,1.6037811e-06,131315,7,9
130.77317085305376,0.00012429312,1.6037811e-06,131315,7,9
87.18211390203582,0.00012589691,1.6037811e-06,131315,7,9
0.0,0.00012750068,1.6037811e-06,131315,7,9
130.77317085305376,0.00012910448,1.6037811e-06,131315,7,9
0.0,0.00013070826,1.6037957e-06,131315,7,9
0.0,0.00013231204,1.6037811e-06,131315,7,9
217.95528475508956,0.00013391583,1.6037811e-06,131315,7,9
0.0,0.0001355196,1.6037811e-06,131315,7,9
0.0,0.0001371234,1.6037811e-06,131315,7,9
174.36422780407165,0.00013872716,1.6037811e-06,131315,7,9
0.0,0.00014033096,1.6037811e-06,131315,7,9
0.0,0.00014193472,1.6037811e-06,131315,7,9
0.0,0.00014353852,1.6037811e-06,131315,7,9
0.0,0.00014514229,1.6037811e-06,131315,7,9
130.77317085305376,0.00014674608,1.6037811e-06,131315,7,9
0.0,0.00014834985,1.6037811e-06,131315,7,9
0.0,0.00014995364,1.6037957e-06,131315,7,9
0.0,0.00015155744,1.6037811e-06,131315,7,9
261.5463417061075,0.0001531612,1.6037811e-06,131315,7,9
0.0,0.000154765,1.6037811e-06,131315,7,9
261.5463417061075,0.00015636877,1.6037811e-06,131315,7,9
0.0,0.00015797256,1.6037811e-06,131315,7,9
174.36422780407165,0.00015957633,1.6037811e-06,131315,7,9
80359.82035971538,5.461278e-07,1.0922556e-06,172085,5,10
0.0,1.6383834e-06,1.0922556e-06,172085,5,10
99016.22086533773,2.7306392e-06,1.0922556e-06,172085,5,10
63641.747179352475,3.8228945e-06,1.0922556e-06,172085,5,10
0.0,4.9151504e-06,1.0922558e-06,172085,5,10
34486.080840838324,6.0074062e-06,1.0922554e-06,172085,5,10
69214.45264777153,7.099661e-06,1.0922554e-06,172085,5,10
18171.81489150036,8.191917e-06,1.0922558e-06,172085,5,10
39412.64740912078,9.284173e-06,1.0922558e-06,172085,5,10
22936.868574160453,1.0376429e-05,1.0922558e-06,172085,5,10
32305.475595979315,1.14686845e-05,1.0922549e-06,172085,5,10
16071.960726260317,1.25609395e-05,1.0922558e-06,172085,5,10
30044.06728728059,1.3653195e-05,1.0922558e-06,172085,5,10
17687.247888798676,1.474545e-05,1.0922549e-06,172085,5,10
27055.81328290053,1.5837706e-05,1.0922558e-06,172085,5,10
14456.688291460287,1.6929962e-05,1.0922558e-06,172085,5,10
26328.94068724052,1.8022218e-05,1.0922558e-06,172085,5,10
30367.121774240597,1.9114474e-05,1.0922558e-06,172085,5,10
9933.925474020196,2.020673e-05,1.0922558e-06,172085,5,10
22129.232356760436,2.1298985e-05,1.0922558e-06,172085,5,10
20675.521597441788,2.239124e-05,1.092254e-06,172085,5,10
22936.868574160453,2.3483495e-05,1.0922558e-06,172085,5,10
10256.979960980203,2.4575751e-05,1.0922558e-06,172085,5,10
21160.068895880417,2.5668007e-05,1.0922558e-06,172085,5,10
13325.997587100263,2.6760263e-05,1.0922558e-06,172085,5,10
13972.106561020275,2.7852519e-05,1.0922558e-06,172085,5,10
14295.161047980282,2.8944774e-05,1.0922558e-06,172085,5,10
12195.327192241057,3.003703e-05,1.092254e-06,172085,5,10
12518.361369700247,3.1129282e-05,1.0922558e-06,172085,5,10
8964.762013140176,3.2221542e-05,1.0922558e-06,172085,5,10
5653.453521800112,3.3313794e-05,1.0922558e-06,172085,5,10
9530.107365320187,3.4406054e-05,1.0922558e-06,172085,5,10
5491.926278320108,3.5498306e-05,1.0922558e-06,172085,5,10
5168.871791360102,3.6590565e-05,1.0922558e-06,172085,5,10
7026.435091380139,3.7682817e-05,1.0922558e-06,172085,5,10
8964.762013140176,3.8775077e-05,1.0922558e-06,172085,5,10
6057.2716305001195,3.986733e-05,1.0922558e-06,172085,5,10
5088.1081696201,4.095959e-05,1.0922558e-06,172085,5,10
5895.744387020117,4.205184e-05,1.0922558e-06,172085,5,10
4441.9991957000875,4.31441e-05,1.0922558e-06,172085,5,10
4038.18108700008,4.4236353e-05,1.0922558e-06,172085,5,10
3149.7917388779542,4.532861e-05,1.0922522e-06,172085,5,10
4038.18108700008,4.6420864e-05,1.0922558e-06,172085,5,10
4280.471952220085,4.7513116e-05,1.0922558e-06,172085,5,10
2503.6722739400493,4.8605376e-05,1.0922558e-06,172085,5,10
2584.435895680051,4.9697628e-05,1.0922558e-06,172085,5,10
2584.435895680051,5.0789888e-05,1.0922558e-06,172085,5,10
2422.908652200048,5.188214e-05,1.0922558e-06,172085,5,10
2261.3814087200444,5.29744e-05,1.0922558e-06,172085,5,10
1534.5088130600304,5.406665e-05,1.0922558e-06,172085,5,10
1534.5088130600304,5.515891e-05,1.0922558e-06,172085,5,10
1453.7451913200287,5.6251163e-05,1.0922558e-06,172085,5,10
726.8725956600143,5.7343423e-05,1.0922558e-06,172085,5,10
726.8725956600143,5.8435675e-05,1.0922558e-06,172085,5,10
1130.6907043600222,5.9527934e-05,1.0922558e-06,172085,5,10
565.3472351832226,6.0620187e-05,1.0922522e-06,172085,5,10
1453.7403493440252,6.1712446e-05,1.0922595e-06,172085,5,10
1049.9305796259848,6.28047e-05,1.0922522e-06,172085,5,10
242.29005822400418,6.389695e-05,1.0922595e-06,172085,5,10
807.6389074046036,6.498921e-05,1.0922522e-06,172085,5,10
1372.9769966026904,6.608147e-05,1.0922595e-06,172085,5,10
1292.222251847366,6.717372e-05,1.0922522e-06,172085,5,10
726.8701746720126,6.8265974e-05,1.0922595e-06,172085,5,10
242.29167222138108,6.935823e-05,1.0922522e-06,172085,5,10
888.3968801546821,7.045049e-05,1.0922595e-06,172085,5,10
1049.9305796259848,7.1542745e-05,1.0922522e-06,172085,5,10
161.52778148092074,7.2635e-05,1.0922522e-06,172085,5,10
0.0,7.372725e-05,1.0922595e-06,172085,5,10
161.52778148092074,7.481951e-05,1.0922522e-06,172085,5,10
323.05341096533897,7.591177e-05,1.0922595e-06,172085,5,10
323.0555629618415,7.700402e-05,1.0922522e-06,172085,5,10
323.05341096533897,7.809627e-05,1.0922595e-06,172085,5,10
403.8194537023018,7.918853e-05,1.0922522e-06,172085,5,10
161.52670548266948,8.028079e-05,1.0922595e-06,172085,5,10
0.0,8.1373044e-05,1.0922522e-06,172085,5,10
161.52670548266948,8.2465296e-05,1.0922595e-06,172085,5,10
323.0555629618415,8.3557556e-05,1.0922522e-06,172085,5,10
80.76335274133474,8.4649815e-05,1.0922595e-06,172085,5,10
242.29167222138108,8.574207e-05,1.0922522e-06,172085,5,10
0.0,8.683432e-05,1.0922595e-06,172085,5,10
0.0,8.792658e-05,1.0922522e-06,172085,5,10
0.0,8.901884e-05,1.0922595e-06,172085,5,10
0.0,9.011109e-05,1.0922522e-06,172085,5,10
0.0,9.120334e-05,1.0922522e-06,172085,5,10
0.0,9.2295595e-05,1.0922595e-06,172085,5,10
80.76389074046037,9.3387855e-05,1.0922522e-06,172085,5,10
242.29005822400418,9.4480114e-05,1.0922595e-06,172085,5,10
484.58334444276215,9.5572366e-05,1.0922522e-06,172085,5,10
0.0,9.666462e-05,1.0922595e-06,172085,5,10
0.0,9.775688e-05,1.0922522e-06,172085,5,10
0.0,9.884914e-05,1.0922595e-06,172085,5,10
0.0,9.994139e-05,1.0922522e-06,172085,5,10
0.0,0.00010103364,1.0922595e-06,172085,5,10
0.0,0.0001021259,1.0922522e-06,172085,5,10
0.0,0.00010321816,1.0922595e-06,172085,5,10
0.0,0.00010431041,1.0922522e-06,172085,5,10
0.0,0.000105402665,1.0922595e-06,172085,5,10
0.0,0.000106494925,1.0922522e-06,172085,5,10
0.0,0.000107587184,1.0922595e-06,172085,5,10
161.52778148092074,0.00010867944,1.0922522e-06,172085,5,10
35095.55668184786,4.7129248e-07,9.4258496e-07,179601,0,11
0.0,1.4138775e-06,9.4258496e-07,179601,0,11
0.0,2.3564623e-06,9.4258485e-07,179601,0,11
81011.07758958174,3.2990474e-06,9.425851e-07,179601,0,11
47441.4301693938,4.2416323e-06,9.4258485e-07,179601,0,11
0.0,5.184217e-06,9.4258485e-07,179601,0,11
19836.611816501514,6.126802e-06,9.425853e-07,179601,0,11
119019.72831970728,7.0693873e-06,9.4258485e-07,179601,0,11
0.0,8.011972e-06,9.4258485e-07,179601,0,11
71578.29815031347,8.954557e-06,9.4258485e-07,179601,0,11
0.0,9.897141e-06,9.4258485e-07,179601,0,11
31627.620112929206,1.0839727e-05,9.4258485e-07,179601,0,11
37315.00702293769,1.1782312e-05,9.4258576e-07,179601,0,11
18865.597962098123,1.2724897e-05,9.4258485e-07,179601,0,11
67832.92208430868,1.3667483e-05,9.4258485e-07,179601,0,11
19975.33901869213,1.46100665e-05,9.4258485e-07,179601,0,11
29824.262118704843,1.5552652e-05,9.4258576e-07,179601,0,11
18588.18063357828,1.6495236e-05,9.4258394e-07,179601,0,11
7768.179900685913,1.7437822e-05,9.4258576e-07,179601,0,11
27743.553184445187,1.8380408e-05,9.4258394e-07,179601,0,11
39950.63948924183,1.9322992e-05,9.4258576e-07,179601,0,11
4438.96850951123,2.0265576e-05,9.4258394e-07,179601,0,11
30795.28460629058,2.1208161e-05,9.4258576e-07,179601,0,11
24830.480100078443,2.2150747e-05,9.4258394e-07,179601,0,11
14704.05481201262,2.3093331e-05,9.4258576e-07,179601,0,11
19420.449751714783,2.4035917e-05,9.4258576e-07,179601,0,11
11097.421273778076,2.49785e-05,9.4258394e-07,179601,0,11
24136.844691416944,2.5921086e-05,9.4258576e-07,179601,0,11
20668.947122411668,2.6863672e-05,9.4258394e-07,179601,0,11
16368.66479073103,2.7806256e-05,9.4258576e-07,179601,0,11
7490.759359800201,2.874884e-05,9.4258394e-07,179601,0,11
27882.217143533366,2.9691426e-05,9.4258576e-07,179601,0,11
5964.852423740969,3.063401e-05,9.4258576e-07,179601,0,11
14287.902317333017,3.1576597e-05,9.4258576e-07,179601,0,11
10958.724655897122,3.251918e-05,9.425821e-07,179601,0,11
7490.7449042328435,3.3461765e-05,9.4258576e-07,179601,0,11
14842.772310239154,3.440435e-05,9.4258576e-07,179601,0,11
9987.659872310458,3.5346937e-05,9.4258576e-07,179601,0,11
8877.954151612861,3.6289523e-05,9.425821e-07,179601,0,11
10542.529865216597,3.7232105e-05,9.4258576e-07,179601,0,11
5271.264932608298,3.817469e-05,9.4258576e-07,179601,0,11
8045.614897138981,3.9117276e-05,9.4258576e-07,179601,0,11
6797.157413100173,4.0059862e-05,9.4258576e-07,179601,0,11
3051.79673961692,4.1002444e-05,9.425821e-07,179601,0,11
10403.812366990061,4.194503e-05,9.4258576e-07,179601,0,11
5826.134925514434,4.2887616e-05,9.4258576e-07,179601,0,11
3329.2199574368196,4.38302e-05,9.4258576e-07,179601,0,11
4161.541008568528,4.4772787e-05,9.425821e-07,179601,0,11
2774.349964530683,4.571537e-05,9.4258576e-07,179601,0,11
6797.157413100173,4.6657955e-05,9.4258576e-07,179601,0,11
3051.7849609837513,4.760054e-05,9.4258576e-07,179601,0,11
2358.1974698510803,4.8543126e-05,9.4258576e-07,179601,0,11
3329.2328068548222,4.948571e-05,9.425821e-07,179601,0,11
2496.9149680776145,5.0428294e-05,9.4258576e-07,179601,0,11
4161.524946796025,5.137088e-05,9.4258576e-07,179601,0,11
4438.959943249093,5.2313466e-05,9.4258576e-07,179601,0,11
1803.3344370463622,5.325605e-05,9.425821e-07,179601,0,11
1109.7399858122733,5.4198634e-05,9.4258576e-07,179601,0,11
1803.327476944944,5.514122e-05,9.4258576e-07,179601,0,11
2635.632466304149,5.6083805e-05,9.4258576e-07,179601,0,11
1525.8924804918756,5.702639e-05,9.4258576e-07,179601,0,11
1387.1803361895095,5.7968973e-05,9.425821e-07,179601,0,11
554.8699929061366,5.891156e-05,9.4258576e-07,179601,0,11
2080.7624733980124,5.9854145e-05,9.4258576e-07,179601,0,11
832.3049893592049,6.079673e-05,9.4258576e-07,179601,0,11
2496.9149680776145,6.1739316e-05,9.4258576e-07,179601,0,11
1942.0449751714782,6.26819e-05,9.4258576e-07,179601,0,11
416.15249467960246,6.362449e-05,9.4258576e-07,179601,0,11
693.5928450775026,6.4567066e-05,9.425785e-07,179601,0,11
0.0,6.550965e-05,9.4258576e-07,179601,0,11
693.5874911326707,6.645224e-05,9.4258576e-07,179601,0,11
0.0,6.739482e-05,9.4258576e-07,179601,0,11
554.8699929061366,6.833741e-05,9.4258576e-07,179601,0,11
0.0,6.9279995e-05,9.4258576e-07,179601,0,11
416.15249467960246,7.022258e-05,9.4258576e-07,179601,0,11
0.0,7.116517e-05,9.4258576e-07,179601,0,11
693.5874911326707,7.210775e-05,9.4258576e-07,179601,0,11
0.0,7.305034e-05,9.425785e-07,179601,0,11
554.8699929061366,7.399292e-05,9.4258576e-07,179601,0,11
138.71749822653416,7.49355e-05,9.4258576e-07,179601,0,11
138.71749822653416,7.587809e-05,9.4258576e-07,179601,0,11
1248.4574840388073,7.6820674e-05,9.4258576e-07,179601,0,11
416.15249467960246,7.776326e-05,9.4258576e-07,179601,0,11
0.0,7.8705845e-05,9.4258576e-07,179601,0,11
693.5874911326707,7.964843e-05,9.4258576e-07,179601,0,11
277.4349964530683,8.059102e-05,9.4258576e-07,179601,0,11
832.3114140930031,8.1533595e-05,9.425785e-07,179601,0,11
0.0,8.247618e-05,9.4258576e-07,179601,0,11
0.0,8.341877e-05,9.4258576e-07,179601,0,11
0.0,8.436135e-05,9.4258576e-07,179601,0,11
0.0,8.530394e-05,9.4258576e-07,179601,0,11
0.0,8.6246524e-05,9.4258576e-07,179601,0,11
0.0,8.718911e-05,9.4258576e-07,179601,0,11
0.0,8.8131696e-05,9.4258576e-07,179601,0,11
0.0,8.907428e-05,9.4258576e-07,179601,0,11
0.0,9.001687e-05,9.425785e-07,179601,0,11
138.71749822653416,9.0959446e-05,9.4258576e-07,179601,0,11
0.0,9.190203e-05,9.4258576e-07,179601,0,11
0.0,9.284462e-05,9.4258576e-07,179601,0,11
277.4349964530683,9.37872e-05,9.4258576e-07,179601,0,11
